{
  "Claude 4 Opus": {
    "Aider": {
      "score": 70.7,
      "stddev": 0
    },
    "Codeforces": {
      "score": 3069.0143063417736,
      "stddev": 109.20974879895978
    },
    "LiveCodeBench": {
      "score": 63.6,
      "stddev": 0
    },
    "SWE-bench Verified": {
      "score": 67.8,
      "stddev": 0
    },
    "Terminal-Bench": {
      "score": 43.2,
      "stddev": 0
    }
  },
  "GPT-5": {
    "Aider": {
      "score": 66.80543680347752,
      "stddev": 5.429708167814477
    },
    "Codeforces": {
      "score": 3001.98918840534,
      "stddev": 105.40641981911719
    },
    "LiveCodeBench": {
      "score": 73.96895189201832,
      "stddev": 5.982521430377568
    },
    "SWE-bench Verified": {
      "score": 74.9,
      "stddev": 0
    },
    "Terminal-Bench": {
      "score": 42.57877440180468,
      "stddev": 2.3990264519657285
    }
  },
  "Qwen3-Coder 480B-A358-Instruct": {
    "Aider": {
      "score": 61.8,
      "stddev": 0
    },
    "Codeforces": {
      "score": 2840.655721621036,
      "stddev": 102.5721327370233
    },
    "LiveCodeBench": {
      "score": 63.85478677758731,
      "stddev": 5.742780662960286
    },
    "SWE-bench Verified": {
      "score": 69.6,
      "stddev": 0
    },
    "Terminal-Bench": {
      "score": 37.5,
      "stddev": 0
    }
  },
  "GLM-4.5": {
    "Aider": {
      "score": 70.99662811749991,
      "stddev": 5.254532019364132
    },
    "Codeforces": {
      "score": 2835.103765002472,
      "stddev": 104.1561352102029
    },
    "LiveCodeBench": {
      "score": 72.9,
      "stddev": 0
    },
    "SWE-bench Verified": {
      "score": 64.2,
      "stddev": 0
    },
    "Terminal-Bench": {
      "score": 37.5,
      "stddev": 0
    }
  },
  "o4-mini": {
    "Aider": {
      "score": 72,
      "stddev": 0
    },
    "Codeforces": {
      "score": 2772.1977051494296,
      "stddev": 102.7712845717193
    },
    "LiveCodeBench": {
      "score": 74.18250799499188,
      "stddev": 5.806425383693792
    },
    "SWE-bench Verified": {
      "score": 69,
      "stddev": 0
    },
    "Terminal-Bench": {
      "score": 36.61429195506909,
      "stddev": 2.341789347269319
    }
  },
  "Claude 4 Sonnet": {
    "Aider": {
      "score": 56.4,
      "stddev": 0
    },
    "Codeforces": {
      "score": 2747.5893730009984,
      "stddev": 105.0744498106849
    },
    "LiveCodeBench": {
      "score": 59.410050974524026,
      "stddev": 5.8830482452248205
    },
    "SWE-bench Verified": {
      "score": 70.4,
      "stddev": 0
    },
    "Terminal-Bench": {
      "score": 35.5,
      "stddev": 0
    }
  },
  "gpt-oss-120b (with tools)": {
    "Aider": {
      "score": 41.8,
      "stddev": 0
    },
    "Codeforces": {
      "score": 2622,
      "stddev": 0
    },
    "LiveCodeBench": {
      "score": 41.527608634305565,
      "stddev": 6.119883980095412
    },
    "SWE-bench Verified": {
      "score": 62,
      "stddev": 0
    },
    "Terminal-Bench": {
      "score": 35.439269430131475,
      "stddev": 2.4911539909580664
    }
  },
  "o3-mini": {
    "Aider": {
      "score": 60.4,
      "stddev": 0
    },
    "Codeforces": {
      "score": 2719,
      "stddev": 0
    },
    "LiveCodeBench": {
      "score": 60.58326273162857,
      "stddev": 5.678146321151427
    },
    "SWE-bench Verified": {
      "score": 64.57880214187131,
      "stddev": 4.6152569515170025
    },
    "Terminal-Bench": {
      "score": 35.334733740904966,
      "stddev": 2.3114470105733727
    }
  },
  "Qwen3-235B": {
    "Aider": {
      "score": 65,
      "stddev": 0
    },
    "Codeforces": {
      "score": 2368.6643656313536,
      "stddev": 100.83490253888847
    },
    "LiveCodeBench": {
      "score": 66.5,
      "stddev": 0
    },
    "SWE-bench Verified": {
      "score": 63.79244305958575,
      "stddev": 5.001342361732809
    },
    "Terminal-Bench": {
      "score": 32.529765592796046,
      "stddev": 2.3353961633555707
    }
  },
  "Qwen3-Coder 30B-A3B Instruct": {
    "Aider": {
      "score": 33.3,
      "stddev": 0
    },
    "Codeforces": {
      "score": 2308.689133015072,
      "stddev": 115.2329203764165
    },
    "LiveCodeBench": {
      "score": 28.8036817306024,
      "stddev": 6.451530801123628
    },
    "SWE-bench Verified": {
      "score": 51.6,
      "stddev": 0
    },
    "Terminal-Bench": {
      "score": 31.3,
      "stddev": 0
    }
  },
  "Qwen3-235B-Thinking 2507": {
    "Aider": {
      "score": 73.85602392065725,
      "stddev": 5.332854812367752
    },
    "Codeforces": {
      "score": 2727.620105871741,
      "stddev": 103.54855910883789
    },
    "LiveCodeBench": {
      "score": 78.2,
      "stddev": 0
    },
    "SWE-bench Verified": {
      "score": 64.87906659628447,
      "stddev": 4.796118128659835
    },
    "Terminal-Bench": {
      "score": 31.28988458741901,
      "stddev": 2.3696606489960823
    }
  },
  "gpt-oss-20b (with tools)": {
    "Aider": {
      "score": 62.452757016989125,
      "stddev": 5.066650931349057
    },
    "Codeforces": {
      "score": 2516,
      "stddev": 0
    },
    "LiveCodeBench": {
      "score": 61.81553199685881,
      "stddev": 5.622089252631111
    },
    "SWE-bench Verified": {
      "score": 60,
      "stddev": 0
    },
    "Terminal-Bench": {
      "score": 31.040440021741237,
      "stddev": 2.2903434667189493
    }
  },
  "GPT-4.1": {
    "Aider": {
      "score": 52.4,
      "stddev": 0
    },
    "Codeforces": {
      "score": 2318.274429167999,
      "stddev": 107.82367614723913
    },
    "LiveCodeBench": {
      "score": 44.7,
      "stddev": 0
    },
    "SWE-bench Verified": {
      "score": 48.6,
      "stddev": 0
    },
    "Terminal-Bench": {
      "score": 30.3,
      "stddev": 0
    }
  },
  "OpenAI o3": {
    "Aider": {
      "score": 76.9,
      "stddev": 0
    },
    "Codeforces": {
      "score": 2706,
      "stddev": 0
    },
    "LiveCodeBench": {
      "score": 78.4,
      "stddev": 0
    },
    "SWE-bench Verified": {
      "score": 69.1,
      "stddev": 0
    },
    "Terminal-Bench": {
      "score": 30.2,
      "stddev": 0
    }
  },
  "GLM-4.5-Air": {
    "Aider": {
      "score": 70.56435894682252,
      "stddev": 5.191484021591729
    },
    "Codeforces": {
      "score": 2476.5246109773743,
      "stddev": 102.90337889143468
    },
    "LiveCodeBench": {
      "score": 70.7,
      "stddev": 0
    },
    "SWE-bench Verified": {
      "score": 57.6,
      "stddev": 0
    },
    "Terminal-Bench": {
      "score": 30,
      "stddev": 0
    }
  },
  "gpt-oss-120b (without tools)": {
    "Aider": {
      "score": 70.2918511537799,
      "stddev": 5.2503497938381
    },
    "Codeforces": {
      "score": 2463,
      "stddev": 0
    },
    "LiveCodeBench": {
      "score": 52.684626448977625,
      "stddev": 5.731866704488312
    },
    "SWE-bench Verified": {
      "score": 63.977179361867925,
      "stddev": 5.178869267779247
    },
    "Terminal-Bench": {
      "score": 29.614681307003906,
      "stddev": 2.7082189186435
    }
  },
  "gpt-oss-20b (without tools)": {
    "Aider": {
      "score": 63.89267710777696,
      "stddev": 5.070046182937944
    },
    "Codeforces": {
      "score": 2230,
      "stddev": 0
    },
    "LiveCodeBench": {
      "score": 55.87513506194432,
      "stddev": 5.618031587107066
    },
    "SWE-bench Verified": {
      "score": 56.90525324652431,
      "stddev": 4.618217957675546
    },
    "Terminal-Bench": {
      "score": 25.30770266231155,
      "stddev": 2.326842245101213
    }
  },
  "Gemini 2.5 Pro": {
    "Aider": {
      "score": 83.1,
      "stddev": 0
    },
    "Codeforces": {
      "score": 2263.8640911730486,
      "stddev": 115.72418837834813
    },
    "LiveCodeBench": {
      "score": 80.1,
      "stddev": 0
    },
    "SWE-bench Verified": {
      "score": 49,
      "stddev": 0
    },
    "Terminal-Bench": {
      "score": 25.3,
      "stddev": 0
    }
  },
  "Magistral Medium 1.0": {
    "Aider": {
      "score": 60.72399115532171,